{
  "selected_model": "logistic_regression",
  "validation": {
    "logistic_regression": {
      "roc_auc": 0.5158891142663962,
      "pr_auc": 0.855283457195865,
      "accuracy": 0.7596153846153846,
      "precision": 0.8369565217391305,
      "recall": 0.8850574712643678,
      "f1": 0.8603351955307262
    },
    "random_forest": {
      "roc_auc": 0.3874239350912779,
      "pr_auc": 0.8292040834454762,
      "accuracy": 0.7788461538461539,
      "precision": 0.826530612244898,
      "recall": 0.9310344827586207,
      "f1": 0.8756756756756757
    },
    "gradient_boosting": {
      "roc_auc": 0.3732251521298175,
      "pr_auc": 0.8270744421260725,
      "accuracy": 0.7596153846153846,
      "precision": 0.8229166666666666,
      "recall": 0.9080459770114943,
      "f1": 0.8633879781420765
    }
  },
  "test": {
    "roc_auc": 0.4330645161290322,
    "pr_auc": 0.7680991397217549,
    "accuracy": 0.7073170731707317,
    "precision": 0.7638888888888888,
    "recall": 0.8870967741935484,
    "f1": 0.8208955223880597
  },
  "dataset_rows": 540,
  "train_rows": 354,
  "val_rows": 104,
  "test_rows": 82
}