{
  "selected_model": "gradient_boosting",
  "validation": {
    "logistic_regression": {
      "roc_auc": 0.9526707234617986,
      "pr_auc": 0.9914110154963104,
      "accuracy": 0.9134615384615384,
      "precision": 0.9642857142857143,
      "recall": 0.9310344827586207,
      "f1": 0.9473684210526315
    },
    "random_forest": {
      "roc_auc": 0.9411764705882353,
      "pr_auc": 0.9896162246063459,
      "accuracy": 0.8653846153846154,
      "precision": 0.9101123595505618,
      "recall": 0.9310344827586207,
      "f1": 0.9204545454545454
    },
    "gradient_boosting": {
      "roc_auc": 0.966869506423259,
      "pr_auc": 0.9944972399408766,
      "accuracy": 0.9615384615384616,
      "precision": 1.0,
      "recall": 0.9540229885057471,
      "f1": 0.9764705882352941
    }
  },
  "test": {
    "roc_auc": 0.9774193548387097,
    "pr_auc": 0.9928183440152996,
    "accuracy": 0.9024390243902439,
    "precision": 1.0,
    "recall": 0.8709677419354839,
    "f1": 0.9310344827586207
  },
  "dataset_rows": 540,
  "train_rows": 354,
  "val_rows": 104,
  "test_rows": 82
}